{
    "title": "<i>Not So Far Away</i>",
    "date": "2012/09/01",
    "volume": "18",
    "issue": "3",
    "authors": [
        "Rodgers, Stephen"
    ],
    "abstract": "",
    "keywords": [],
    "doi": "",
    "received": "",
    "pdf": "",
    "author_info": [
        {
            "name": "Stephen Rodgers",
            "university": "University of Oregon",
            "address": "",
            "email": "ser@uoregon.edu"
        }
    ],
    "citations": {},
    "footnotes": {},
    "paragraphs": [],
    "mto": true,
    "category": "festschrift for steve larson",
    "source": "mto/raw/mto.12.18.3.rodgers.html",
    "data": "mto/data/mto.12.18.3.rodgers.json"
}