{
    "title": "<img style='margin-left:280px' src = 'asking_questions.gif'>",
    "date": "2014/06/01",
    "volume": "20",
    "issue": "2",
    "authors": [
        "Hanninen, Dora A."
    ],
    "abstract": "",
    "keywords": [
        "John Cage",
        "music analysis",
        "listening",
        "performance",
        "Etudes Australes"
    ],
    "doi": "",
    "received": "September 2013",
    "pdf": "",
    "author_info": [
        {
            "name": "Dora A. Hanninen",
            "university": "2110 Clarice Smith Performing Arts Center",
            "address": "School of Music, University of Maryland, College Park, MD 20742, 301-405-5467",
            "email": "dhann@umd.edu"
        }
    ],
    "citations": {
        "boretz_1979": "Boretz, Benjamin. 1979. “Language ,as a Music: Six Marginal Pretexts for Composition.” Perspectives of New Music 17, no. 2: 131–95.",
        "randall_1975": "Randall, J. K. 1975. “a Soundscroll.” Perspectives of New Music 13, no. 2: 126–49."
    },
    "footnotes": {
        "FN0": {
            "text": "* The title block suggests, but does not strictly conform to, Cage’s mesostics practice: while it includes pre-existing text (the two subtitles) and vertical alignment spells out a significant word, letters found down the spine do occur in lower case in the intervening series of letters just prior.",
            "citations": []
        },
        "FN1": {
            "text": "1. “Asking Questions” was conceived for, and an earlier version first presented on, the plenary session “Contemplating Cage at 100” at the Society for Music Theory’s 35th annual meeting in New Orleans, Louisiana.",
            "citations": []
        },
        "FN2": {
            "text": "2. Earlier versions of both papers were presented jointly as “Asking Questions / Making Music” in Spring 2013, as part of the Eastman School of Music’s Cage Centennial Lecture Series and on the Department of Music’s colloquium series at the University of Virginia.",
            "citations": []
        },
        "FN3": {
            "text": "3. For example, Boretz 1979 and Randall 1975 .",
            "citations": [
                "boretz_1979",
                "randall_1975"
            ]
        },
        "FN4": {
            "text": "4. All visual art works by John Cage are reproduced courtesy of the John Cage Trust. A list of image sources appears as an appendix.",
            "citations": []
        }
    },
    "paragraphs": [],
    "mto": true,
    "category": "articles",
    "source": "mto/raw/mto.14.20.2.hanninen-intro.html",
    "data": "mto/data/mto.14.20.2.hanninen-intro.json"
}