{
    "title": "Outside the Feedback Loop: A Nancarrow Keynote Address",
    "date": "2014/03/01",
    "volume": "20",
    "issue": "1",
    "authors": [
        "Gann, Kyle"
    ],
    "abstract": "",
    "keywords": [
        "Conlon Nancarrow",
        "Henry Cowell",
        "American experimental tradition",
        "player piano"
    ],
    "doi": "",
    "received": "",
    "pdf": "http://mtosmt.org/issues/mto.14.20.1/mto.14.20.1.gann.pdf",
    "author_info": [
        {
            "name": "Kyle Gann",
            "university": "Bard College",
            "address": "",
            "email": "gann@bard.edu"
        }
    ],
    "citations": {
        "cowell_1930": "Cowell, Henry. 1930. New Musical Resources . New York: A. A. Knopf.",
        "gann_1995": "Gann, Kyle. 1995. The Music of Conlon Nancarrow . Cambridge: Cambridge University Press.",
        "gann_2008a": "Gann, Kyle. 2008a. “The Longyear Lecture.” American Music 26, no. 2: 140–55.",
        "gann_2008b": "Gann, Kyle. 2008b. “ Thank you, Sarah Palin .”",
        "ives_1961": "Ives, Charles. 1961. “Postface to 114 Songs.” In Essays Before a Sonata, The Majority, and Other Writings . New York: W. W. Norton."
    },
    "footnotes": {
        "FN1": {
            "text": "1. Dictionary.com Unabridged, Random House, Inc., http://dictionary.reference.com/browse/maverick (accessed February 26, 2014).",
            "citations": []
        }
    },
    "paragraphs": [],
    "mto": true,
    "category": "nancarrow symposium",
    "source": "mto/raw/mto.14.20.1.gann.html",
    "data": "mto/data/mto.14.20.1.gann.json"
}